subject,filename
subject001,img_001.png
subject001,img_002.png
subject001,img_003.png
subject001,img_004.png
subject001,img_005.png
subject001,img_006.png
subject001,img_007.png
subject001,img_008.png
subject002,img_001.png
subject002,img_002.png
subject002,img_003.png
subject002,img_004.png
subject002,img_005.png
subject002,img_006.png
subject002,img_007.png
subject002,img_008.png
subject003,img_001.png
subject003,img_002.png
subject003,img_003.png
subject003,img_004.png
subject003,img_005.png
subject003,img_006.png
subject003,img_007.png
subject003,img_008.png
subject004,img_001.png
subject004,img_002.png
subject004,img_003.png
subject004,img_004.png
subject004,img_005.png
subject004,img_006.png
subject004,img_007.png
subject004,img_008.png
subject005,img_001.png
subject005,img_002.png
subject005,img_003.png
subject005,img_004.png
subject005,img_005.png
subject005,img_006.png
subject005,img_007.png
subject005,img_008.png
subject006,img_001.png
subject006,img_002.png
subject006,img_003.png
subject006,img_004.png
subject006,img_005.png
subject006,img_006.png
subject006,img_007.png
subject006,img_008.png
subject007,img_001.png
subject007,img_002.png
subject007,img_003.png
subject007,img_004.png
subject007,img_005.png
subject007,img_006.png
subject007,img_007.png
subject007,img_008.png
subject008,img_001.png
subject008,img_002.png
subject008,img_003.png
subject008,img_004.png
subject008,img_005.png
subject008,img_006.png
subject008,img_007.png
subject008,img_008.png
subject009,img_001.png
subject009,img_002.png
subject009,img_003.png
subject009,img_004.png
subject009,img_005.png
subject009,img_006.png
subject009,img_007.png
subject009,img_008.png
subject010,img_001.png
subject010,img_002.png
subject010,img_003.png
subject010,img_004.png
subject010,img_005.png
subject010,img_006.png
subject010,img_007.png
subject010,img_008.png
